{
  "f1_score": 0.2153846153846154,
  "roc_auc": 0.7594736842105263,
  "model_type": "GCN",
  "n_nodes": 1000,
  "n_edges": 5000
}