{
  "f1_score": 0.14814814814814814,
  "roc_auc": 0.9991111111111111,
  "threshold": 38.20644760131836
}